result_id,sample_id,parameter,concentration_value,detection_limit,soil_type,units
1,1,pH,6.37,0.22,Coarse,mg/kg
2,1,Lead,33.87,0.45,Coarse,mg/kg
3,1,Arsenic,20.31,0.42,Coarse,mg/kg
4,1,Cadmium,14.35,0.22,Coarse,mg/kg
5,1,Mercury,23.25,0.23,Fine,mg/kg
6,1,Zinc,25.56,0.4,Fine,mg/kg
7,1,Copper,32.95,0.15,Coarse,mg/kg
8,1,Nickel,4.68,0.48,Fine,mg/kg
9,1,Chromium,33.64,0.12,Fine,mg/kg
10,1,Benzene,7.38,0.03,Coarse,mg/kg
11,2,pH,30.57,0.39,Coarse,mg/kg
12,2,Lead,20.73,0.32,Fine,mg/kg
13,2,Arsenic,35.92,0.2,Coarse,mg/kg
14,2,Cadmium,12.21,0.33,Fine,mg/kg
15,2,Mercury,44.63,0.43,Fine,mg/kg
16,2,Zinc,38.92,0.12,Coarse,mg/kg
17,2,Copper,2.52,0.13,Fine,mg/kg
18,2,Nickel,22.83,0.4,Coarse,mg/kg
19,2,Chromium,47.5,0.45,Coarse,mg/kg
20,2,Benzene,41.53,0.28,Fine,mg/kg
21,3,pH,37.19,0.24,Coarse,mg/kg
22,3,Lead,37.59,0.42,Coarse,mg/kg
23,3,Arsenic,38.29,0.27,Fine,mg/kg
24,3,Cadmium,13.74,0.05,Coarse,mg/kg
25,3,Mercury,11.73,0.17,Fine,mg/kg
26,3,Zinc,6.93,0.12,Fine,mg/kg
27,3,Copper,35.32,0.04,Coarse,mg/kg
28,3,Nickel,16.55,0.24,Fine,mg/kg
29,3,Chromium,10.35,0.22,Fine,mg/kg
30,3,Benzene,42.84,0.39,Coarse,mg/kg
31,4,pH,23.85,0.47,Coarse,mg/kg
32,4,Lead,37.68,0.43,Coarse,mg/kg
33,4,Arsenic,26.92,0.37,Fine,mg/kg
34,4,Cadmium,24.42,0.14,Coarse,mg/kg
35,4,Mercury,1.46,0.17,Coarse,mg/kg
36,4,Zinc,36.21,0.42,Fine,mg/kg
37,4,Copper,49.04,0.27,Coarse,mg/kg
38,4,Nickel,29.6,0.33,Fine,mg/kg
39,4,Chromium,32.14,0.08,Coarse,mg/kg
40,4,Benzene,9.09,0.14,Coarse,mg/kg
41,5,pH,10.59,0.17,Coarse,mg/kg
42,5,Lead,13.92,0.48,Coarse,mg/kg
43,5,Arsenic,12.62,0.05,Fine,mg/kg
44,5,Cadmium,37.45,0.04,Coarse,mg/kg
45,5,Mercury,11.22,0.04,Fine,mg/kg
46,5,Zinc,37.71,0.48,Fine,mg/kg
47,5,Copper,41.96,0.31,Fine,mg/kg
48,5,Nickel,6.32,0.34,Fine,mg/kg
49,5,Chromium,23.26,0.14,Coarse,mg/kg
50,5,Benzene,8.4,0.31,Fine,mg/kg
51,6,pH,38.89,0.09,Coarse,mg/kg
52,6,Lead,5.41,0.02,Coarse,mg/kg
53,6,Arsenic,28.79,0.45,Coarse,mg/kg
54,6,Cadmium,19.84,0.36,Fine,mg/kg
55,6,Mercury,29.61,0.42,Fine,mg/kg
56,6,Zinc,5.1,0.39,Fine,mg/kg
57,6,Copper,39.81,0.29,Fine,mg/kg
58,6,Nickel,17.37,0.22,Coarse,mg/kg
59,6,Chromium,3.46,0.33,Fine,mg/kg
60,6,Benzene,42.48,0.41,Fine,mg/kg
61,7,pH,21.68,0.19,Coarse,mg/kg
62,7,Lead,35.37,0.22,Coarse,mg/kg
63,7,Arsenic,30.8,0.46,Coarse,mg/kg
64,7,Cadmium,23.25,0.41,Coarse,mg/kg
65,7,Mercury,16.12,0.13,Fine,mg/kg
66,7,Zinc,13.95,0.23,Coarse,mg/kg
67,7,Copper,28.5,0.34,Coarse,mg/kg
68,7,Nickel,1.44,0.43,Fine,mg/kg
69,7,Chromium,24.38,0.18,Coarse,mg/kg
70,7,Benzene,17.02,0.44,Coarse,mg/kg
71,8,pH,27.79,0.26,Fine,mg/kg
72,8,Lead,4.29,0.36,Coarse,mg/kg
73,8,Arsenic,27.76,0.13,Coarse,mg/kg
74,8,Cadmium,32.3,0.25,Fine,mg/kg
75,8,Mercury,4.66,0.12,Fine,mg/kg
76,8,Zinc,15.32,0.29,Coarse,mg/kg
77,8,Copper,27.68,0.18,Coarse,mg/kg
78,8,Nickel,17.6,0.23,Coarse,mg/kg
79,8,Chromium,12.58,0.07,Fine,mg/kg
80,8,Benzene,15.78,0.37,Fine,mg/kg
81,9,pH,9.59,0.37,Coarse,mg/kg
82,9,Lead,36.23,0.49,Coarse,mg/kg
83,9,Arsenic,49.03,0.42,Coarse,mg/kg
84,9,Cadmium,11.38,0.1,Fine,mg/kg
85,9,Mercury,35.4,0.07,Fine,mg/kg
86,9,Zinc,48.72,0.28,Fine,mg/kg
87,9,Copper,31.9,0.38,Fine,mg/kg
88,9,Nickel,43.64,0.29,Coarse,mg/kg
89,9,Chromium,23.94,0.18,Fine,mg/kg
90,9,Benzene,12.63,0.43,Fine,mg/kg
91,10,pH,41.11,0.21,Fine,mg/kg
92,10,Lead,28.86,0.35,Fine,mg/kg
93,10,Arsenic,7.47,0.29,Coarse,mg/kg
94,10,Cadmium,4.27,0.13,Coarse,mg/kg
95,10,Mercury,30.32,0.4,Fine,mg/kg
96,10,Zinc,38.79,0.2,Coarse,mg/kg
97,10,Copper,14.87,0.3,Coarse,mg/kg
98,10,Nickel,15.28,0.31,Fine,mg/kg
99,10,Chromium,47.38,0.11,Fine,mg/kg
100,10,Benzene,13.24,0.05,Fine,mg/kg
101,11,pH,8.7,0.05,Fine,mg/kg
102,11,Lead,20.43,0.35,Coarse,mg/kg
103,11,Arsenic,14.57,0.12,Coarse,mg/kg
104,11,Cadmium,35.15,0.23,Fine,mg/kg
105,11,Mercury,46.2,0.4,Fine,mg/kg
106,11,Zinc,21.26,0.28,Fine,mg/kg
107,11,Copper,45.42,0.42,Fine,mg/kg
108,11,Nickel,2.99,0.4,Coarse,mg/kg
109,11,Chromium,21.96,0.24,Coarse,mg/kg
110,11,Benzene,34.99,0.47,Coarse,mg/kg
111,12,pH,21.89,0.3,Coarse,mg/kg
112,12,Lead,36.73,0.31,Fine,mg/kg
113,12,Arsenic,4.58,0.48,Fine,mg/kg
114,12,Cadmium,49.98,0.34,Coarse,mg/kg
115,12,Mercury,28.82,0.38,Fine,mg/kg
116,12,Zinc,23.53,0.33,Coarse,mg/kg
117,12,Copper,9.08,0.3,Coarse,mg/kg
118,12,Nickel,48.45,0.24,Coarse,mg/kg
119,12,Chromium,16.67,0.34,Fine,mg/kg
120,12,Benzene,16.5,0.35,Coarse,mg/kg
121,13,pH,33.13,0.21,Fine,mg/kg
122,13,Lead,22.75,0.16,Coarse,mg/kg
123,13,Arsenic,5.8,0.39,Fine,mg/kg
124,13,Cadmium,32.89,0.28,Coarse,mg/kg
125,13,Mercury,2.72,0.26,Coarse,mg/kg
126,13,Zinc,31.27,0.38,Fine,mg/kg
127,13,Copper,13.36,0.07,Coarse,mg/kg
128,13,Nickel,21.91,0.35,Fine,mg/kg
129,13,Chromium,1.45,0.32,Fine,mg/kg
130,13,Benzene,35.49,0.16,Fine,mg/kg
131,14,pH,27.62,0.06,Fine,mg/kg
132,14,Lead,23.08,0.07,Fine,mg/kg
133,14,Arsenic,24.92,0.36,Coarse,mg/kg
134,14,Cadmium,20.78,0.25,Coarse,mg/kg
135,14,Mercury,12.19,0.28,Coarse,mg/kg
136,14,Zinc,9.54,0.3,Fine,mg/kg
137,14,Copper,43.2,0.15,Coarse,mg/kg
138,14,Nickel,17.0,0.4,Coarse,mg/kg
139,14,Chromium,41.03,0.15,Coarse,mg/kg
140,14,Benzene,41.88,0.29,Coarse,mg/kg
141,15,pH,43.26,0.23,Coarse,mg/kg
142,15,Lead,17.26,0.28,Coarse,mg/kg
143,15,Arsenic,22.77,0.17,Fine,mg/kg
144,15,Cadmium,49.04,0.13,Coarse,mg/kg
145,15,Mercury,11.69,0.39,Fine,mg/kg
146,15,Zinc,15.92,0.24,Coarse,mg/kg
147,15,Copper,19.31,0.34,Fine,mg/kg
148,15,Nickel,24.77,0.03,Coarse,mg/kg
149,15,Chromium,43.49,0.44,Coarse,mg/kg
150,15,Benzene,4.99,0.46,Fine,mg/kg
151,16,pH,36.12,0.21,Fine,mg/kg
152,16,Lead,3.75,0.39,Coarse,mg/kg
153,16,Arsenic,16.93,0.35,Fine,mg/kg
154,16,Cadmium,42.59,0.43,Coarse,mg/kg
155,16,Mercury,47.71,0.32,Coarse,mg/kg
156,16,Zinc,43.62,0.03,Fine,mg/kg
157,16,Copper,11.75,0.35,Coarse,mg/kg
158,16,Nickel,49.87,0.38,Coarse,mg/kg
159,16,Chromium,48.92,0.38,Fine,mg/kg
160,16,Benzene,22.19,0.35,Fine,mg/kg
161,17,pH,2.31,0.4,Coarse,mg/kg
162,17,Lead,17.93,0.22,Fine,mg/kg
163,17,Arsenic,26.56,0.29,Fine,mg/kg
164,17,Cadmium,8.51,0.05,Coarse,mg/kg
165,17,Mercury,30.99,0.13,Fine,mg/kg
166,17,Zinc,11.62,0.32,Coarse,mg/kg
167,17,Copper,12.77,0.01,Coarse,mg/kg
168,17,Nickel,45.06,0.34,Fine,mg/kg
169,17,Chromium,3.7,0.47,Coarse,mg/kg
170,17,Benzene,31.95,0.22,Coarse,mg/kg
171,18,pH,22.85,0.16,Coarse,mg/kg
172,18,Lead,42.67,0.06,Coarse,mg/kg
173,18,Arsenic,28.6,0.29,Coarse,mg/kg
174,18,Cadmium,1.11,0.42,Coarse,mg/kg
175,18,Mercury,13.73,0.29,Fine,mg/kg
176,18,Zinc,45.53,0.38,Coarse,mg/kg
177,18,Copper,38.79,0.12,Coarse,mg/kg
178,18,Nickel,10.96,0.1,Coarse,mg/kg
179,18,Chromium,33.89,0.36,Fine,mg/kg
180,18,Benzene,31.42,0.45,Fine,mg/kg
181,19,pH,15.45,0.23,Coarse,mg/kg
182,19,Lead,36.62,0.05,Coarse,mg/kg
183,19,Arsenic,16.34,0.21,Fine,mg/kg
184,19,Cadmium,6.62,0.27,Coarse,mg/kg
185,19,Mercury,26.55,0.46,Fine,mg/kg
186,19,Zinc,12.86,0.41,Coarse,mg/kg
187,19,Copper,48.37,0.15,Coarse,mg/kg
188,19,Nickel,40.21,0.24,Fine,mg/kg
189,19,Chromium,7.05,0.48,Coarse,mg/kg
190,19,Benzene,48.36,0.4,Coarse,mg/kg
191,20,pH,4.52,0.2,Coarse,mg/kg
192,20,Lead,26.83,0.23,Coarse,mg/kg
193,20,Arsenic,29.23,0.41,Coarse,mg/kg
194,20,Cadmium,5.43,0.12,Fine,mg/kg
195,20,Mercury,30.98,0.47,Coarse,mg/kg
196,20,Zinc,45.76,0.12,Fine,mg/kg
197,20,Copper,31.77,0.24,Coarse,mg/kg
198,20,Nickel,32.47,0.07,Fine,mg/kg
199,20,Chromium,47.31,0.16,Coarse,mg/kg
200,20,Benzene,5.81,0.13,Fine,mg/kg
201,21,pH,19.44,0.19,Coarse,mg/kg
202,21,Lead,29.37,0.37,Coarse,mg/kg
203,21,Arsenic,32.75,0.42,Coarse,mg/kg
204,21,Cadmium,46.95,0.15,Coarse,mg/kg
205,21,Mercury,10.87,0.23,Fine,mg/kg
206,21,Zinc,42.77,0.06,Coarse,mg/kg
207,21,Copper,27.23,0.49,Coarse,mg/kg
208,21,Nickel,3.04,0.15,Fine,mg/kg
209,21,Chromium,47.45,0.41,Fine,mg/kg
210,21,Benzene,33.14,0.32,Fine,mg/kg
211,22,pH,2.54,0.17,Fine,mg/kg
212,22,Lead,39.35,0.11,Fine,mg/kg
213,22,Arsenic,29.32,0.41,Fine,mg/kg
214,22,Cadmium,16.43,0.08,Fine,mg/kg
215,22,Mercury,13.87,0.49,Fine,mg/kg
216,22,Zinc,27.02,0.4,Fine,mg/kg
217,22,Copper,33.06,0.02,Fine,mg/kg
218,22,Nickel,17.92,0.4,Coarse,mg/kg
219,22,Chromium,0.8,0.14,Fine,mg/kg
220,22,Benzene,37.09,0.27,Fine,mg/kg
221,23,pH,23.82,0.39,Fine,mg/kg
222,23,Lead,22.61,0.12,Fine,mg/kg
223,23,Arsenic,36.36,0.46,Coarse,mg/kg
224,23,Cadmium,22.91,0.48,Fine,mg/kg
225,23,Mercury,49.93,0.43,Coarse,mg/kg
226,23,Zinc,34.31,0.25,Coarse,mg/kg
227,23,Copper,3.68,0.05,Fine,mg/kg
228,23,Nickel,3.29,0.14,Coarse,mg/kg
229,23,Chromium,19.05,0.3,Coarse,mg/kg
230,23,Benzene,22.69,0.31,Fine,mg/kg
231,24,pH,39.66,0.07,Fine,mg/kg
232,24,Lead,21.51,0.45,Coarse,mg/kg
233,24,Arsenic,16.95,0.23,Coarse,mg/kg
234,24,Cadmium,36.48,0.16,Coarse,mg/kg
235,24,Mercury,33.26,0.19,Fine,mg/kg
236,24,Zinc,34.34,0.24,Fine,mg/kg
237,24,Copper,41.59,0.06,Fine,mg/kg
238,24,Nickel,37.23,0.19,Fine,mg/kg
239,24,Chromium,27.82,0.3,Coarse,mg/kg
240,24,Benzene,33.5,0.21,Coarse,mg/kg
241,25,pH,43.41,0.36,Coarse,mg/kg
242,25,Lead,30.02,0.18,Fine,mg/kg
243,25,Arsenic,7.74,0.25,Fine,mg/kg
244,25,Cadmium,17.51,0.28,Fine,mg/kg
245,25,Mercury,38.13,0.29,Coarse,mg/kg
246,25,Zinc,42.26,0.49,Fine,mg/kg
247,25,Copper,30.45,0.33,Coarse,mg/kg
248,25,Nickel,1.46,0.14,Coarse,mg/kg
249,25,Chromium,46.08,0.18,Fine,mg/kg
250,25,Benzene,43.49,0.29,Coarse,mg/kg
251,26,pH,3.49,0.37,Fine,mg/kg
252,26,Lead,4.6,0.27,Coarse,mg/kg
253,26,Arsenic,21.0,0.18,Coarse,mg/kg
254,26,Cadmium,15.59,0.17,Fine,mg/kg
255,26,Mercury,44.17,0.09,Fine,mg/kg
256,26,Zinc,33.7,0.14,Coarse,mg/kg
257,26,Copper,24.29,0.23,Coarse,mg/kg
258,26,Nickel,10.79,0.26,Coarse,mg/kg
259,26,Chromium,21.5,0.15,Coarse,mg/kg
260,26,Benzene,26.35,0.16,Fine,mg/kg
261,27,pH,19.77,0.3,Fine,mg/kg
262,27,Lead,10.23,0.47,Fine,mg/kg
263,27,Arsenic,38.21,0.15,Fine,mg/kg
264,27,Cadmium,0.4,0.38,Fine,mg/kg
265,27,Mercury,6.47,0.27,Fine,mg/kg
266,27,Zinc,25.02,0.42,Coarse,mg/kg
267,27,Copper,3.61,0.43,Fine,mg/kg
268,27,Nickel,21.82,0.24,Fine,mg/kg
269,27,Chromium,43.11,0.29,Coarse,mg/kg
270,27,Benzene,35.48,0.21,Fine,mg/kg
271,28,pH,20.26,0.48,Fine,mg/kg
272,28,Lead,40.07,0.31,Coarse,mg/kg
273,28,Arsenic,4.42,0.42,Fine,mg/kg
274,28,Cadmium,21.79,0.21,Fine,mg/kg
275,28,Mercury,19.79,0.16,Coarse,mg/kg
276,28,Zinc,11.09,0.39,Fine,mg/kg
277,28,Copper,25.53,0.07,Fine,mg/kg
278,28,Nickel,45.3,0.18,Fine,mg/kg
279,28,Chromium,11.82,0.08,Fine,mg/kg
280,28,Benzene,8.68,0.08,Fine,mg/kg
281,29,pH,8.87,0.39,Coarse,mg/kg
282,29,Lead,23.2,0.29,Coarse,mg/kg
283,29,Arsenic,34.06,0.44,Coarse,mg/kg
284,29,Cadmium,43.21,0.32,Fine,mg/kg
285,29,Mercury,21.99,0.24,Coarse,mg/kg
286,29,Zinc,39.82,0.3,Coarse,mg/kg
287,29,Copper,25.37,0.16,Coarse,mg/kg
288,29,Nickel,1.89,0.19,Coarse,mg/kg
289,29,Chromium,3.85,0.43,Fine,mg/kg
290,29,Benzene,30.75,0.26,Coarse,mg/kg
291,30,pH,29.02,0.48,Fine,mg/kg
292,30,Lead,22.49,0.41,Fine,mg/kg
293,30,Arsenic,16.08,0.24,Fine,mg/kg
294,30,Cadmium,47.89,0.23,Coarse,mg/kg
295,30,Mercury,49.12,0.05,Fine,mg/kg
296,30,Zinc,1.97,0.36,Coarse,mg/kg
297,30,Copper,26.21,0.31,Coarse,mg/kg
298,30,Nickel,18.65,0.15,Coarse,mg/kg
299,30,Chromium,38.73,0.34,Fine,mg/kg
300,30,Benzene,39.46,0.33,Fine,mg/kg
301,31,pH,16.49,0.28,Coarse,mg/kg
302,31,Lead,14.21,0.36,Fine,mg/kg
303,31,Arsenic,16.67,0.3,Fine,mg/kg
304,31,Cadmium,45.84,0.16,Coarse,mg/kg
305,31,Mercury,6.46,0.36,Fine,mg/kg
306,31,Zinc,15.49,0.19,Coarse,mg/kg
307,31,Copper,40.66,0.34,Fine,mg/kg
308,31,Nickel,32.3,0.22,Coarse,mg/kg
309,31,Chromium,0.92,0.16,Fine,mg/kg
310,31,Benzene,17.09,0.39,Fine,mg/kg
311,32,pH,11.33,0.08,Fine,mg/kg
312,32,Lead,14.8,0.4,Fine,mg/kg
313,32,Arsenic,33.1,0.44,Fine,mg/kg
314,32,Cadmium,29.87,0.09,Fine,mg/kg
315,32,Mercury,41.57,0.39,Fine,mg/kg
316,32,Zinc,36.06,0.03,Coarse,mg/kg
317,32,Copper,33.82,0.13,Coarse,mg/kg
318,32,Nickel,30.53,0.38,Coarse,mg/kg
319,32,Chromium,11.71,0.13,Coarse,mg/kg
320,32,Benzene,45.2,0.11,Coarse,mg/kg
321,33,pH,23.09,0.15,Coarse,mg/kg
322,33,Lead,25.15,0.22,Fine,mg/kg
323,33,Arsenic,40.85,0.4,Fine,mg/kg
324,33,Cadmium,43.65,0.04,Coarse,mg/kg
325,33,Mercury,43.71,0.28,Fine,mg/kg
326,33,Zinc,35.57,0.26,Fine,mg/kg
327,33,Copper,14.26,0.38,Coarse,mg/kg
328,33,Nickel,22.47,0.26,Coarse,mg/kg
329,33,Chromium,4.59,0.46,Coarse,mg/kg
330,33,Benzene,44.23,0.47,Coarse,mg/kg
331,34,pH,2.67,0.26,Fine,mg/kg
332,34,Lead,19.31,0.05,Fine,mg/kg
333,34,Arsenic,1.42,0.47,Coarse,mg/kg
334,34,Cadmium,39.57,0.08,Coarse,mg/kg
335,34,Mercury,45.87,0.24,Fine,mg/kg
336,34,Zinc,37.94,0.24,Fine,mg/kg
337,34,Copper,45.29,0.02,Fine,mg/kg
338,34,Nickel,41.75,0.28,Coarse,mg/kg
339,34,Chromium,5.57,0.15,Coarse,mg/kg
340,34,Benzene,6.1,0.13,Coarse,mg/kg
341,35,pH,3.15,0.42,Coarse,mg/kg
342,35,Lead,29.84,0.02,Fine,mg/kg
343,35,Arsenic,35.93,0.15,Fine,mg/kg
344,35,Cadmium,30.74,0.13,Coarse,mg/kg
345,35,Mercury,9.37,0.34,Coarse,mg/kg
346,35,Zinc,3.39,0.27,Fine,mg/kg
347,35,Copper,19.53,0.24,Coarse,mg/kg
348,35,Nickel,49.05,0.13,Fine,mg/kg
349,35,Chromium,17.86,0.04,Fine,mg/kg
350,35,Benzene,36.65,0.32,Coarse,mg/kg
351,36,pH,6.68,0.18,Coarse,mg/kg
352,36,Lead,40.68,0.1,Coarse,mg/kg
353,36,Arsenic,49.04,0.24,Fine,mg/kg
354,36,Cadmium,40.58,0.04,Coarse,mg/kg
355,36,Mercury,1.86,0.11,Fine,mg/kg
356,36,Zinc,44.29,0.16,Coarse,mg/kg
357,36,Copper,25.77,0.49,Coarse,mg/kg
358,36,Nickel,12.67,0.38,Fine,mg/kg
359,36,Chromium,14.31,0.43,Fine,mg/kg
360,36,Benzene,43.29,0.17,Fine,mg/kg
361,37,pH,39.97,0.22,Coarse,mg/kg
362,37,Lead,37.17,0.45,Coarse,mg/kg
363,37,Arsenic,16.96,0.1,Coarse,mg/kg
364,37,Cadmium,18.37,0.4,Coarse,mg/kg
365,37,Mercury,40.06,0.37,Fine,mg/kg
366,37,Zinc,21.54,0.5,Fine,mg/kg
367,37,Copper,27.28,0.17,Fine,mg/kg
368,37,Nickel,16.4,0.15,Coarse,mg/kg
369,37,Chromium,30.14,0.22,Coarse,mg/kg
370,37,Benzene,17.58,0.03,Coarse,mg/kg
371,38,pH,30.75,0.22,Fine,mg/kg
372,38,Lead,3.76,0.32,Coarse,mg/kg
373,38,Arsenic,25.66,0.38,Fine,mg/kg
374,38,Cadmium,47.64,0.08,Coarse,mg/kg
375,38,Mercury,1.75,0.04,Coarse,mg/kg
376,38,Zinc,18.11,0.48,Fine,mg/kg
377,38,Copper,30.26,0.34,Coarse,mg/kg
378,38,Nickel,18.61,0.38,Fine,mg/kg
379,38,Chromium,26.48,0.21,Coarse,mg/kg
380,38,Benzene,12.49,0.07,Fine,mg/kg
381,39,pH,24.96,0.2,Fine,mg/kg
382,39,Lead,13.1,0.14,Coarse,mg/kg
383,39,Arsenic,10.74,0.31,Coarse,mg/kg
384,39,Cadmium,10.02,0.08,Fine,mg/kg
385,39,Mercury,22.61,0.45,Coarse,mg/kg
386,39,Zinc,49.86,0.41,Coarse,mg/kg
387,39,Copper,33.4,0.36,Coarse,mg/kg
388,39,Nickel,44.57,0.43,Fine,mg/kg
389,39,Chromium,39.69,0.26,Fine,mg/kg
390,39,Benzene,49.26,0.4,Fine,mg/kg
391,40,pH,39.52,0.02,Coarse,mg/kg
392,40,Lead,23.38,0.49,Fine,mg/kg
393,40,Arsenic,30.6,0.05,Coarse,mg/kg
394,40,Cadmium,19.91,0.36,Coarse,mg/kg
395,40,Mercury,26.29,0.39,Fine,mg/kg
396,40,Zinc,6.28,0.17,Fine,mg/kg
397,40,Copper,22.5,0.34,Coarse,mg/kg
398,40,Nickel,6.43,0.42,Fine,mg/kg
399,40,Chromium,38.39,0.07,Fine,mg/kg
400,40,Benzene,41.57,0.26,Coarse,mg/kg
401,41,pH,8.24,0.17,Fine,mg/kg
402,41,Lead,17.31,0.47,Coarse,mg/kg
403,41,Arsenic,42.3,0.13,Coarse,mg/kg
404,41,Cadmium,6.27,0.16,Fine,mg/kg
405,41,Mercury,25.13,0.09,Fine,mg/kg
406,41,Zinc,8.57,0.32,Coarse,mg/kg
407,41,Copper,42.13,0.29,Fine,mg/kg
408,41,Nickel,4.07,0.47,Coarse,mg/kg
409,41,Chromium,32.56,0.39,Coarse,mg/kg
410,41,Benzene,30.91,0.02,Coarse,mg/kg
411,42,pH,32.1,0.16,Fine,mg/kg
412,42,Lead,40.24,0.35,Coarse,mg/kg
413,42,Arsenic,22.68,0.35,Fine,mg/kg
414,42,Cadmium,21.99,0.25,Fine,mg/kg
415,42,Mercury,17.02,0.08,Coarse,mg/kg
416,42,Zinc,36.71,0.43,Coarse,mg/kg
417,42,Copper,6.55,0.19,Fine,mg/kg
418,42,Nickel,15.96,0.24,Coarse,mg/kg
419,42,Chromium,22.49,0.08,Fine,mg/kg
420,42,Benzene,14.52,0.2,Coarse,mg/kg
421,43,pH,12.42,0.43,Fine,mg/kg
422,43,Lead,40.68,0.47,Coarse,mg/kg
423,43,Arsenic,9.5,0.09,Coarse,mg/kg
424,43,Cadmium,24.94,0.16,Fine,mg/kg
425,43,Mercury,4.51,0.2,Coarse,mg/kg
426,43,Zinc,48.33,0.12,Coarse,mg/kg
427,43,Copper,2.44,0.15,Coarse,mg/kg
428,43,Nickel,14.29,0.01,Fine,mg/kg
429,43,Chromium,21.55,0.44,Coarse,mg/kg
430,43,Benzene,38.2,0.19,Coarse,mg/kg
431,44,pH,2.57,0.29,Coarse,mg/kg
432,44,Lead,27.67,0.05,Coarse,mg/kg
433,44,Arsenic,38.22,0.15,Fine,mg/kg
434,44,Cadmium,6.44,0.06,Coarse,mg/kg
435,44,Mercury,39.75,0.18,Coarse,mg/kg
436,44,Zinc,37.75,0.11,Coarse,mg/kg
437,44,Copper,25.01,0.03,Fine,mg/kg
438,44,Nickel,35.68,0.4,Coarse,mg/kg
439,44,Chromium,7.46,0.45,Fine,mg/kg
440,44,Benzene,16.41,0.31,Fine,mg/kg
441,45,pH,19.65,0.31,Coarse,mg/kg
442,45,Lead,29.69,0.26,Coarse,mg/kg
443,45,Arsenic,35.44,0.16,Fine,mg/kg
444,45,Cadmium,18.42,0.34,Coarse,mg/kg
445,45,Mercury,29.19,0.4,Fine,mg/kg
446,45,Zinc,29.85,0.14,Fine,mg/kg
447,45,Copper,36.07,0.3,Fine,mg/kg
448,45,Nickel,26.22,0.36,Coarse,mg/kg
449,45,Chromium,7.4,0.34,Fine,mg/kg
450,45,Benzene,28.63,0.35,Fine,mg/kg
451,46,pH,0.96,0.16,Fine,mg/kg
452,46,Lead,20.65,0.11,Coarse,mg/kg
453,46,Arsenic,43.64,0.37,Fine,mg/kg
454,46,Cadmium,35.29,0.26,Coarse,mg/kg
455,46,Mercury,49.91,0.24,Coarse,mg/kg
456,46,Zinc,15.69,0.09,Coarse,mg/kg
457,46,Copper,27.32,0.34,Coarse,mg/kg
458,46,Nickel,30.51,0.1,Fine,mg/kg
459,46,Chromium,13.96,0.16,Coarse,mg/kg
460,46,Benzene,38.56,0.36,Coarse,mg/kg
461,47,pH,15.86,0.18,Coarse,mg/kg
462,47,Lead,14.4,0.29,Coarse,mg/kg
463,47,Arsenic,44.79,0.2,Coarse,mg/kg
464,47,Cadmium,47.73,0.4,Coarse,mg/kg
465,47,Mercury,2.11,0.48,Fine,mg/kg
466,47,Zinc,17.32,0.23,Coarse,mg/kg
467,47,Copper,37.37,0.11,Coarse,mg/kg
468,47,Nickel,46.65,0.35,Fine,mg/kg
469,47,Chromium,5.47,0.37,Fine,mg/kg
470,47,Benzene,12.13,0.34,Fine,mg/kg
471,48,pH,31.9,0.04,Coarse,mg/kg
472,48,Lead,16.52,0.24,Fine,mg/kg
473,48,Arsenic,0.27,0.28,Fine,mg/kg
474,48,Cadmium,20.35,0.47,Coarse,mg/kg
475,48,Mercury,23.88,0.11,Coarse,mg/kg
476,48,Zinc,16.07,0.33,Fine,mg/kg
477,48,Copper,32.62,0.12,Fine,mg/kg
478,48,Nickel,45.66,0.1,Fine,mg/kg
479,48,Chromium,46.7,0.03,Coarse,mg/kg
480,48,Benzene,39.4,0.1,Coarse,mg/kg
481,49,pH,43.84,0.01,Fine,mg/kg
482,49,Lead,46.42,0.17,Coarse,mg/kg
483,49,Arsenic,49.46,0.28,Coarse,mg/kg
484,49,Cadmium,44.46,0.08,Coarse,mg/kg
485,49,Mercury,13.65,0.41,Coarse,mg/kg
486,49,Zinc,8.13,0.23,Coarse,mg/kg
487,49,Copper,35.93,0.02,Coarse,mg/kg
488,49,Nickel,39.54,0.29,Fine,mg/kg
489,49,Chromium,8.78,0.43,Coarse,mg/kg
490,49,Benzene,41.35,0.26,Fine,mg/kg
491,50,pH,20.05,0.06,Fine,mg/kg
492,50,Lead,23.88,0.47,Fine,mg/kg
493,50,Arsenic,13.05,0.13,Coarse,mg/kg
494,50,Cadmium,47.7,0.16,Fine,mg/kg
495,50,Mercury,13.09,0.19,Fine,mg/kg
496,50,Zinc,3.12,0.07,Coarse,mg/kg
497,50,Copper,7.99,0.35,Coarse,mg/kg
498,50,Nickel,34.52,0.32,Coarse,mg/kg
499,50,Chromium,18.38,0.12,Fine,mg/kg
500,50,Benzene,23.91,0.23,Coarse,mg/kg
501,51,pH,20.8,0.28,Coarse,mg/kg
502,51,Lead,37.87,0.4,Fine,mg/kg
503,51,Arsenic,38.1,0.34,Fine,mg/kg
504,51,Cadmium,26.28,0.27,Coarse,mg/kg
505,51,Mercury,3.91,0.29,Fine,mg/kg
506,51,Zinc,41.44,0.45,Fine,mg/kg
507,51,Copper,28.64,0.08,Coarse,mg/kg
508,51,Nickel,42.73,0.23,Fine,mg/kg
509,51,Chromium,35.85,0.25,Coarse,mg/kg
510,51,Benzene,40.44,0.23,Coarse,mg/kg
511,52,pH,22.85,0.04,Coarse,mg/kg
512,52,Lead,33.64,0.16,Fine,mg/kg
513,52,Arsenic,19.8,0.41,Fine,mg/kg
514,52,Cadmium,28.92,0.03,Coarse,mg/kg
515,52,Mercury,35.02,0.28,Fine,mg/kg
516,52,Zinc,46.73,0.04,Coarse,mg/kg
517,52,Copper,1.6,0.21,Fine,mg/kg
518,52,Nickel,38.29,0.49,Coarse,mg/kg
519,52,Chromium,18.73,0.45,Coarse,mg/kg
520,52,Benzene,43.48,0.45,Coarse,mg/kg
521,53,pH,4.02,0.48,Fine,mg/kg
522,53,Lead,32.68,0.18,Fine,mg/kg
523,53,Arsenic,49.64,0.2,Fine,mg/kg
524,53,Cadmium,36.4,0.12,Fine,mg/kg
525,53,Mercury,37.81,0.49,Coarse,mg/kg
526,53,Zinc,33.68,0.28,Coarse,mg/kg
527,53,Copper,41.17,0.13,Coarse,mg/kg
528,53,Nickel,7.76,0.1,Fine,mg/kg
529,53,Chromium,1.62,0.33,Fine,mg/kg
530,53,Benzene,12.04,0.04,Fine,mg/kg
531,54,pH,22.33,0.34,Fine,mg/kg
532,54,Lead,12.24,0.03,Coarse,mg/kg
533,54,Arsenic,11.72,0.12,Fine,mg/kg
534,54,Cadmium,7.02,0.5,Fine,mg/kg
535,54,Mercury,40.79,0.37,Coarse,mg/kg
536,54,Zinc,28.88,0.39,Coarse,mg/kg
537,54,Copper,11.85,0.44,Fine,mg/kg
538,54,Nickel,20.68,0.14,Fine,mg/kg
539,54,Chromium,31.3,0.22,Coarse,mg/kg
540,54,Benzene,2.35,0.18,Coarse,mg/kg
541,55,pH,39.29,0.17,Coarse,mg/kg
542,55,Lead,20.42,0.16,Fine,mg/kg
543,55,Arsenic,37.72,0.24,Fine,mg/kg
544,55,Cadmium,15.04,0.36,Coarse,mg/kg
545,55,Mercury,45.74,0.29,Coarse,mg/kg
546,55,Zinc,27.87,0.08,Fine,mg/kg
547,55,Copper,12.76,0.17,Fine,mg/kg
548,55,Nickel,46.11,0.43,Fine,mg/kg
549,55,Chromium,26.79,0.42,Fine,mg/kg
550,55,Benzene,13.43,0.34,Fine,mg/kg
551,56,pH,43.68,0.1,Fine,mg/kg
552,56,Lead,23.97,0.44,Coarse,mg/kg
553,56,Arsenic,15.17,0.46,Fine,mg/kg
554,56,Cadmium,46.86,0.48,Fine,mg/kg
555,56,Mercury,37.35,0.38,Fine,mg/kg
556,56,Zinc,34.78,0.35,Coarse,mg/kg
557,56,Copper,45.76,0.28,Coarse,mg/kg
558,56,Nickel,19.04,0.27,Coarse,mg/kg
559,56,Chromium,15.43,0.19,Coarse,mg/kg
560,56,Benzene,23.31,0.4,Coarse,mg/kg
561,57,pH,38.08,0.17,Fine,mg/kg
562,57,Lead,18.54,0.21,Fine,mg/kg
563,57,Arsenic,37.07,0.02,Coarse,mg/kg
564,57,Cadmium,14.77,0.11,Fine,mg/kg
565,57,Mercury,19.0,0.42,Coarse,mg/kg
566,57,Zinc,27.54,0.47,Coarse,mg/kg
567,57,Copper,12.87,0.41,Coarse,mg/kg
568,57,Nickel,23.05,0.37,Coarse,mg/kg
569,57,Chromium,8.47,0.36,Coarse,mg/kg
570,57,Benzene,9.21,0.45,Fine,mg/kg
571,58,pH,26.2,0.42,Fine,mg/kg
572,58,Lead,47.26,0.34,Fine,mg/kg
573,58,Arsenic,20.63,0.42,Fine,mg/kg
574,58,Cadmium,3.41,0.08,Fine,mg/kg
575,58,Mercury,25.29,0.19,Coarse,mg/kg
576,58,Zinc,32.97,0.02,Coarse,mg/kg
577,58,Copper,0.6,0.27,Coarse,mg/kg
578,58,Nickel,26.79,0.15,Coarse,mg/kg
579,58,Chromium,40.31,0.46,Fine,mg/kg
580,58,Benzene,45.9,0.27,Fine,mg/kg
581,59,pH,9.6,0.27,Coarse,mg/kg
582,59,Lead,13.37,0.2,Coarse,mg/kg
583,59,Arsenic,47.97,0.23,Fine,mg/kg
584,59,Cadmium,49.51,0.12,Fine,mg/kg
585,59,Mercury,32.69,0.43,Fine,mg/kg
586,59,Zinc,4.68,0.2,Coarse,mg/kg
587,59,Copper,2.82,0.01,Fine,mg/kg
588,59,Nickel,4.14,0.42,Coarse,mg/kg
589,59,Chromium,28.3,0.43,Fine,mg/kg
590,59,Benzene,44.74,0.46,Fine,mg/kg
591,60,pH,10.58,0.44,Coarse,mg/kg
592,60,Lead,13.56,0.46,Coarse,mg/kg
593,60,Arsenic,44.97,0.29,Fine,mg/kg
594,60,Cadmium,8.98,0.43,Fine,mg/kg
595,60,Mercury,48.07,0.3,Coarse,mg/kg
596,60,Zinc,46.44,0.16,Fine,mg/kg
597,60,Copper,28.34,0.43,Coarse,mg/kg
598,60,Nickel,19.2,0.37,Fine,mg/kg
599,60,Chromium,25.04,0.49,Fine,mg/kg
600,60,Benzene,4.89,0.12,Fine,mg/kg
601,61,pH,17.04,0.39,Coarse,mg/kg
602,61,Lead,48.45,0.17,Coarse,mg/kg
603,61,Arsenic,39.18,0.23,Fine,mg/kg
604,61,Cadmium,17.8,0.47,Coarse,mg/kg
605,61,Mercury,9.3,0.3,Coarse,mg/kg
606,61,Zinc,4.29,0.31,Fine,mg/kg
607,61,Copper,35.66,0.05,Fine,mg/kg
608,61,Nickel,19.01,0.39,Fine,mg/kg
609,61,Chromium,36.99,0.17,Fine,mg/kg
610,61,Benzene,4.59,0.47,Coarse,mg/kg
611,62,pH,18.0,0.14,Fine,mg/kg
612,62,Lead,4.37,0.22,Coarse,mg/kg
613,62,Arsenic,5.17,0.05,Fine,mg/kg
614,62,Cadmium,29.85,0.39,Coarse,mg/kg
615,62,Mercury,0.63,0.21,Fine,mg/kg
616,62,Zinc,36.24,0.28,Fine,mg/kg
617,62,Copper,28.6,0.09,Coarse,mg/kg
618,62,Nickel,8.48,0.14,Coarse,mg/kg
619,62,Chromium,24.66,0.04,Coarse,mg/kg
620,62,Benzene,13.81,0.16,Fine,mg/kg
621,63,pH,18.06,0.47,Coarse,mg/kg
622,63,Lead,29.69,0.11,Fine,mg/kg
623,63,Arsenic,6.78,0.01,Coarse,mg/kg
624,63,Cadmium,16.62,0.31,Coarse,mg/kg
625,63,Mercury,22.02,0.22,Fine,mg/kg
626,63,Zinc,15.03,0.31,Fine,mg/kg
627,63,Copper,23.96,0.1,Coarse,mg/kg
628,63,Nickel,48.44,0.15,Coarse,mg/kg
629,63,Chromium,48.39,0.39,Coarse,mg/kg
630,63,Benzene,18.81,0.41,Coarse,mg/kg
631,64,pH,18.26,0.47,Fine,mg/kg
632,64,Lead,29.62,0.28,Fine,mg/kg
633,64,Arsenic,47.65,0.24,Fine,mg/kg
634,64,Cadmium,21.93,0.15,Fine,mg/kg
635,64,Mercury,40.95,0.4,Coarse,mg/kg
636,64,Zinc,33.65,0.08,Coarse,mg/kg
637,64,Copper,12.11,0.33,Coarse,mg/kg
638,64,Nickel,39.46,0.05,Coarse,mg/kg
639,64,Chromium,29.12,0.27,Coarse,mg/kg
640,64,Benzene,27.19,0.4,Coarse,mg/kg
641,65,pH,35.08,0.41,Fine,mg/kg
642,65,Lead,5.48,0.13,Coarse,mg/kg
643,65,Arsenic,8.33,0.31,Coarse,mg/kg
644,65,Cadmium,48.34,0.17,Coarse,mg/kg
645,65,Mercury,5.31,0.06,Fine,mg/kg
646,65,Zinc,25.54,0.26,Fine,mg/kg
647,65,Copper,22.29,0.2,Fine,mg/kg
648,65,Nickel,17.25,0.02,Fine,mg/kg
649,65,Chromium,14.78,0.46,Fine,mg/kg
650,65,Benzene,5.81,0.47,Fine,mg/kg
651,66,pH,17.42,0.18,Fine,mg/kg
652,66,Lead,26.06,0.18,Fine,mg/kg
653,66,Arsenic,21.91,0.35,Coarse,mg/kg
654,66,Cadmium,3.37,0.03,Fine,mg/kg
655,66,Mercury,1.14,0.18,Fine,mg/kg
656,66,Zinc,33.86,0.09,Fine,mg/kg
657,66,Copper,25.8,0.28,Coarse,mg/kg
658,66,Nickel,28.0,0.48,Fine,mg/kg
659,66,Chromium,39.89,0.32,Fine,mg/kg
660,66,Benzene,32.03,0.22,Fine,mg/kg
661,67,pH,36.87,0.44,Coarse,mg/kg
662,67,Lead,29.61,0.2,Fine,mg/kg
663,67,Arsenic,10.3,0.38,Fine,mg/kg
664,67,Cadmium,28.87,0.4,Fine,mg/kg
665,67,Mercury,18.3,0.11,Fine,mg/kg
666,67,Zinc,13.13,0.43,Coarse,mg/kg
667,67,Copper,29.85,0.31,Fine,mg/kg
668,67,Nickel,17.4,0.42,Fine,mg/kg
669,67,Chromium,40.69,0.36,Coarse,mg/kg
670,67,Benzene,45.93,0.3,Fine,mg/kg
671,68,pH,15.67,0.13,Fine,mg/kg
672,68,Lead,9.16,0.35,Coarse,mg/kg
673,68,Arsenic,20.92,0.08,Coarse,mg/kg
674,68,Cadmium,21.16,0.25,Fine,mg/kg
675,68,Mercury,27.75,0.25,Fine,mg/kg
676,68,Zinc,9.36,0.42,Fine,mg/kg
677,68,Copper,43.28,0.48,Coarse,mg/kg
678,68,Nickel,6.84,0.41,Coarse,mg/kg
679,68,Chromium,20.46,0.25,Coarse,mg/kg
680,68,Benzene,24.44,0.05,Fine,mg/kg
681,69,pH,39.8,0.12,Fine,mg/kg
682,69,Lead,13.75,0.27,Fine,mg/kg
683,69,Arsenic,39.04,0.29,Coarse,mg/kg
684,69,Cadmium,27.49,0.07,Fine,mg/kg
685,69,Mercury,13.4,0.28,Coarse,mg/kg
686,69,Zinc,27.11,0.38,Coarse,mg/kg
687,69,Copper,27.32,0.49,Fine,mg/kg
688,69,Nickel,36.8,0.33,Fine,mg/kg
689,69,Chromium,14.89,0.5,Coarse,mg/kg
690,69,Benzene,13.15,0.43,Fine,mg/kg
691,70,pH,21.96,0.5,Fine,mg/kg
692,70,Lead,10.5,0.37,Coarse,mg/kg
693,70,Arsenic,43.05,0.31,Coarse,mg/kg
694,70,Cadmium,8.31,0.08,Fine,mg/kg
695,70,Mercury,40.68,0.4,Coarse,mg/kg
696,70,Zinc,26.62,0.3,Fine,mg/kg
697,70,Copper,16.19,0.35,Coarse,mg/kg
698,70,Nickel,28.64,0.48,Fine,mg/kg
699,70,Chromium,6.79,0.38,Coarse,mg/kg
700,70,Benzene,45.94,0.5,Fine,mg/kg
701,71,pH,35.07,0.08,Fine,mg/kg
702,71,Lead,35.57,0.42,Coarse,mg/kg
703,71,Arsenic,24.48,0.29,Coarse,mg/kg
704,71,Cadmium,31.39,0.19,Fine,mg/kg
705,71,Mercury,31.69,0.44,Fine,mg/kg
706,71,Zinc,20.15,0.38,Coarse,mg/kg
707,71,Copper,22.74,0.25,Fine,mg/kg
708,71,Nickel,43.45,0.43,Fine,mg/kg
709,71,Chromium,36.55,0.23,Coarse,mg/kg
710,71,Benzene,42.51,0.4,Coarse,mg/kg
711,72,pH,10.9,0.22,Fine,mg/kg
712,72,Lead,24.74,0.17,Coarse,mg/kg
713,72,Arsenic,16.89,0.29,Coarse,mg/kg
714,72,Cadmium,39.42,0.45,Fine,mg/kg
715,72,Mercury,2.31,0.32,Coarse,mg/kg
716,72,Zinc,0.82,0.47,Fine,mg/kg
717,72,Copper,22.07,0.01,Coarse,mg/kg
718,72,Nickel,10.12,0.35,Fine,mg/kg
719,72,Chromium,44.11,0.16,Coarse,mg/kg
720,72,Benzene,4.68,0.19,Fine,mg/kg
721,73,pH,18.6,0.45,Fine,mg/kg
722,73,Lead,2.6,0.32,Fine,mg/kg
723,73,Arsenic,21.47,0.05,Fine,mg/kg
724,73,Cadmium,0.06,0.24,Fine,mg/kg
725,73,Mercury,29.69,0.26,Coarse,mg/kg
726,73,Zinc,0.47,0.35,Fine,mg/kg
727,73,Copper,49.41,0.22,Fine,mg/kg
728,73,Nickel,23.89,0.12,Fine,mg/kg
729,73,Chromium,36.54,0.06,Coarse,mg/kg
730,73,Benzene,18.38,0.16,Coarse,mg/kg
731,74,pH,38.68,0.38,Fine,mg/kg
732,74,Lead,32.08,0.34,Fine,mg/kg
733,74,Arsenic,26.53,0.01,Fine,mg/kg
734,74,Cadmium,22.01,0.36,Fine,mg/kg
735,74,Mercury,46.0,0.31,Coarse,mg/kg
736,74,Zinc,43.0,0.05,Fine,mg/kg
737,74,Copper,7.01,0.07,Coarse,mg/kg
738,74,Nickel,17.58,0.22,Fine,mg/kg
739,74,Chromium,12.4,0.33,Fine,mg/kg
740,74,Benzene,27.67,0.3,Coarse,mg/kg
741,75,pH,38.95,0.35,Coarse,mg/kg
742,75,Lead,10.28,0.31,Fine,mg/kg
743,75,Arsenic,37.39,0.15,Fine,mg/kg
744,75,Cadmium,39.19,0.4,Fine,mg/kg
745,75,Mercury,24.75,0.07,Coarse,mg/kg
746,75,Zinc,31.91,0.04,Fine,mg/kg
747,75,Copper,49.34,0.47,Fine,mg/kg
748,75,Nickel,19.35,0.42,Coarse,mg/kg
749,75,Chromium,18.28,0.34,Coarse,mg/kg
750,75,Benzene,47.72,0.39,Fine,mg/kg
751,76,pH,29.37,0.02,Fine,mg/kg
752,76,Lead,2.0,0.04,Coarse,mg/kg
753,76,Arsenic,25.34,0.32,Coarse,mg/kg
754,76,Cadmium,21.18,0.21,Fine,mg/kg
755,76,Mercury,13.88,0.16,Fine,mg/kg
756,76,Zinc,48.72,0.09,Coarse,mg/kg
757,76,Copper,19.54,0.32,Fine,mg/kg
758,76,Nickel,15.52,0.22,Fine,mg/kg
759,76,Chromium,2.9,0.05,Coarse,mg/kg
760,76,Benzene,5.81,0.31,Fine,mg/kg
761,77,pH,15.47,0.37,Fine,mg/kg
762,77,Lead,5.98,0.36,Fine,mg/kg
763,77,Arsenic,8.2,0.48,Coarse,mg/kg
764,77,Cadmium,8.36,0.07,Coarse,mg/kg
765,77,Mercury,36.65,0.07,Fine,mg/kg
766,77,Zinc,16.76,0.22,Fine,mg/kg
767,77,Copper,13.15,0.49,Fine,mg/kg
768,77,Nickel,24.81,0.26,Fine,mg/kg
769,77,Chromium,24.99,0.29,Coarse,mg/kg
770,77,Benzene,7.87,0.39,Fine,mg/kg
771,78,pH,11.43,0.26,Fine,mg/kg
772,78,Lead,42.94,0.02,Fine,mg/kg
773,78,Arsenic,23.59,0.2,Fine,mg/kg
774,78,Cadmium,8.96,0.48,Fine,mg/kg
775,78,Mercury,27.65,0.46,Coarse,mg/kg
776,78,Zinc,11.23,0.13,Coarse,mg/kg
777,78,Copper,13.57,0.05,Coarse,mg/kg
778,78,Nickel,5.98,0.34,Fine,mg/kg
779,78,Chromium,8.98,0.4,Fine,mg/kg
780,78,Benzene,47.7,0.04,Coarse,mg/kg
781,79,pH,43.3,0.39,Coarse,mg/kg
782,79,Lead,16.37,0.28,Fine,mg/kg
783,79,Arsenic,18.45,0.15,Coarse,mg/kg
784,79,Cadmium,36.98,0.13,Coarse,mg/kg
785,79,Mercury,29.59,0.25,Fine,mg/kg
786,79,Zinc,36.63,0.28,Fine,mg/kg
787,79,Copper,7.54,0.47,Fine,mg/kg
788,79,Nickel,11.66,0.18,Fine,mg/kg
789,79,Chromium,47.55,0.01,Coarse,mg/kg
790,79,Benzene,42.45,0.37,Fine,mg/kg
791,80,pH,10.27,0.49,Coarse,mg/kg
792,80,Lead,24.61,0.04,Fine,mg/kg
793,80,Arsenic,35.59,0.06,Fine,mg/kg
794,80,Cadmium,44.87,0.26,Coarse,mg/kg
795,80,Mercury,22.93,0.38,Fine,mg/kg
796,80,Zinc,25.28,0.32,Coarse,mg/kg
797,80,Copper,3.75,0.29,Coarse,mg/kg
798,80,Nickel,33.13,0.07,Coarse,mg/kg
799,80,Chromium,13.06,0.16,Coarse,mg/kg
800,80,Benzene,35.04,0.37,Coarse,mg/kg
801,81,pH,22.64,0.12,Fine,mg/kg
802,81,Lead,6.81,0.39,Fine,mg/kg
803,81,Arsenic,7.78,0.09,Coarse,mg/kg
804,81,Cadmium,15.71,0.07,Coarse,mg/kg
805,81,Mercury,48.23,0.11,Coarse,mg/kg
806,81,Zinc,23.17,0.43,Fine,mg/kg
807,81,Copper,7.89,0.35,Fine,mg/kg
808,81,Nickel,10.76,0.43,Fine,mg/kg
809,81,Chromium,4.57,0.13,Coarse,mg/kg
810,81,Benzene,19.82,0.03,Coarse,mg/kg
811,82,pH,13.02,0.5,Fine,mg/kg
812,82,Lead,47.61,0.43,Fine,mg/kg
813,82,Arsenic,4.75,0.06,Fine,mg/kg
814,82,Cadmium,6.08,0.04,Fine,mg/kg
815,82,Mercury,6.54,0.41,Coarse,mg/kg
816,82,Zinc,34.32,0.47,Fine,mg/kg
817,82,Copper,29.12,0.14,Fine,mg/kg
818,82,Nickel,1.1,0.04,Coarse,mg/kg
819,82,Chromium,40.47,0.06,Coarse,mg/kg
820,82,Benzene,6.14,0.47,Fine,mg/kg
821,83,pH,8.41,0.29,Coarse,mg/kg
822,83,Lead,24.81,0.2,Coarse,mg/kg
823,83,Arsenic,8.65,0.12,Fine,mg/kg
824,83,Cadmium,13.76,0.23,Fine,mg/kg
825,83,Mercury,1.74,0.31,Fine,mg/kg
826,83,Zinc,32.37,0.25,Coarse,mg/kg
827,83,Copper,3.06,0.15,Fine,mg/kg
828,83,Nickel,20.97,0.32,Fine,mg/kg
829,83,Chromium,31.54,0.4,Fine,mg/kg
830,83,Benzene,49.47,0.39,Coarse,mg/kg
831,84,pH,23.99,0.39,Coarse,mg/kg
832,84,Lead,45.63,0.26,Coarse,mg/kg
833,84,Arsenic,13.53,0.02,Fine,mg/kg
834,84,Cadmium,1.47,0.41,Coarse,mg/kg
835,84,Mercury,2.94,0.5,Coarse,mg/kg
836,84,Zinc,38.34,0.5,Fine,mg/kg
837,84,Copper,5.02,0.33,Coarse,mg/kg
838,84,Nickel,26.69,0.4,Fine,mg/kg
839,84,Chromium,38.2,0.47,Coarse,mg/kg
840,84,Benzene,17.75,0.42,Fine,mg/kg
841,85,pH,8.81,0.3,Coarse,mg/kg
842,85,Lead,45.7,0.02,Coarse,mg/kg
843,85,Arsenic,47.38,0.29,Fine,mg/kg
844,85,Cadmium,41.84,0.41,Coarse,mg/kg
845,85,Mercury,27.11,0.1,Fine,mg/kg
846,85,Zinc,4.52,0.12,Fine,mg/kg
847,85,Copper,1.01,0.24,Coarse,mg/kg
848,85,Nickel,45.9,0.11,Fine,mg/kg
849,85,Chromium,17.04,0.1,Coarse,mg/kg
850,85,Benzene,2.99,0.08,Fine,mg/kg
851,86,pH,38.72,0.42,Coarse,mg/kg
852,86,Lead,48.03,0.19,Coarse,mg/kg
853,86,Arsenic,29.3,0.17,Coarse,mg/kg
854,86,Cadmium,6.83,0.09,Coarse,mg/kg
855,86,Mercury,39.59,0.48,Coarse,mg/kg
856,86,Zinc,8.72,0.48,Coarse,mg/kg
857,86,Copper,11.17,0.3,Fine,mg/kg
858,86,Nickel,18.93,0.37,Coarse,mg/kg
859,86,Chromium,6.38,0.37,Coarse,mg/kg
860,86,Benzene,42.54,0.39,Fine,mg/kg
861,87,pH,9.11,0.17,Fine,mg/kg
862,87,Lead,31.99,0.06,Coarse,mg/kg
863,87,Arsenic,7.04,0.38,Fine,mg/kg
864,87,Cadmium,17.35,0.17,Fine,mg/kg
865,87,Mercury,41.08,0.34,Coarse,mg/kg
866,87,Zinc,22.34,0.14,Fine,mg/kg
867,87,Copper,34.66,0.18,Fine,mg/kg
868,87,Nickel,36.02,0.03,Coarse,mg/kg
869,87,Chromium,36.63,0.48,Coarse,mg/kg
870,87,Benzene,24.66,0.2,Coarse,mg/kg
871,88,pH,5.08,0.24,Fine,mg/kg
872,88,Lead,8.14,0.05,Fine,mg/kg
873,88,Arsenic,14.75,0.17,Fine,mg/kg
874,88,Cadmium,3.72,0.09,Coarse,mg/kg
875,88,Mercury,8.05,0.05,Fine,mg/kg
876,88,Zinc,16.9,0.49,Coarse,mg/kg
877,88,Copper,35.23,0.22,Fine,mg/kg
878,88,Nickel,30.37,0.22,Fine,mg/kg
879,88,Chromium,5.07,0.11,Fine,mg/kg
880,88,Benzene,20.47,0.28,Coarse,mg/kg
881,89,pH,33.03,0.16,Fine,mg/kg
882,89,Lead,2.49,0.29,Coarse,mg/kg
883,89,Arsenic,7.69,0.19,Coarse,mg/kg
884,89,Cadmium,4.39,0.41,Coarse,mg/kg
885,89,Mercury,9.99,0.02,Fine,mg/kg
886,89,Zinc,31.91,0.49,Coarse,mg/kg
887,89,Copper,42.19,0.16,Coarse,mg/kg
888,89,Nickel,23.55,0.45,Coarse,mg/kg
889,89,Chromium,4.57,0.28,Fine,mg/kg
890,89,Benzene,18.56,0.2,Fine,mg/kg
891,90,pH,22.29,0.14,Coarse,mg/kg
892,90,Lead,13.18,0.42,Fine,mg/kg
893,90,Arsenic,7.57,0.35,Fine,mg/kg
894,90,Cadmium,4.29,0.18,Coarse,mg/kg
895,90,Mercury,48.54,0.3,Fine,mg/kg
896,90,Zinc,42.04,0.41,Coarse,mg/kg
897,90,Copper,48.28,0.35,Coarse,mg/kg
898,90,Nickel,28.64,0.13,Coarse,mg/kg
899,90,Chromium,3.96,0.45,Fine,mg/kg
900,90,Benzene,25.11,0.45,Fine,mg/kg
901,91,pH,6.02,0.38,Fine,mg/kg
902,91,Lead,47.45,0.09,Fine,mg/kg
903,91,Arsenic,40.42,0.07,Coarse,mg/kg
904,91,Cadmium,3.93,0.34,Fine,mg/kg
905,91,Mercury,49.86,0.32,Coarse,mg/kg
906,91,Zinc,15.99,0.37,Fine,mg/kg
907,91,Copper,4.36,0.28,Coarse,mg/kg
908,91,Nickel,42.83,0.26,Fine,mg/kg
909,91,Chromium,39.33,0.32,Coarse,mg/kg
910,91,Benzene,5.63,0.08,Fine,mg/kg
911,92,pH,46.25,0.29,Fine,mg/kg
912,92,Lead,39.29,0.44,Coarse,mg/kg
913,92,Arsenic,43.9,0.14,Coarse,mg/kg
914,92,Cadmium,28.61,0.24,Fine,mg/kg
915,92,Mercury,13.78,0.08,Coarse,mg/kg
916,92,Zinc,1.95,0.45,Coarse,mg/kg
917,92,Copper,34.53,0.03,Coarse,mg/kg
918,92,Nickel,46.04,0.45,Fine,mg/kg
919,92,Chromium,16.9,0.4,Coarse,mg/kg
920,92,Benzene,14.02,0.25,Fine,mg/kg
921,93,pH,48.63,0.12,Coarse,mg/kg
922,93,Lead,48.71,0.23,Coarse,mg/kg
923,93,Arsenic,13.48,0.21,Fine,mg/kg
924,93,Cadmium,9.4,0.11,Coarse,mg/kg
925,93,Mercury,37.05,0.38,Coarse,mg/kg
926,93,Zinc,41.05,0.26,Fine,mg/kg
927,93,Copper,3.29,0.36,Coarse,mg/kg
928,93,Nickel,6.79,0.43,Fine,mg/kg
929,93,Chromium,8.7,0.44,Fine,mg/kg
930,93,Benzene,41.85,0.13,Coarse,mg/kg
931,94,pH,2.54,0.19,Fine,mg/kg
932,94,Lead,13.71,0.41,Coarse,mg/kg
933,94,Arsenic,31.77,0.07,Fine,mg/kg
934,94,Cadmium,12.1,0.25,Coarse,mg/kg
935,94,Mercury,8.89,0.44,Coarse,mg/kg
936,94,Zinc,17.22,0.42,Coarse,mg/kg
937,94,Copper,37.45,0.35,Coarse,mg/kg
938,94,Nickel,1.38,0.03,Fine,mg/kg
939,94,Chromium,42.86,0.33,Fine,mg/kg
940,94,Benzene,13.46,0.21,Fine,mg/kg
941,95,pH,43.23,0.48,Fine,mg/kg
942,95,Lead,23.71,0.07,Fine,mg/kg
943,95,Arsenic,30.06,0.01,Coarse,mg/kg
944,95,Cadmium,30.42,0.47,Coarse,mg/kg
945,95,Mercury,21.2,0.19,Coarse,mg/kg
946,95,Zinc,22.96,0.12,Coarse,mg/kg
947,95,Copper,33.86,0.41,Coarse,mg/kg
948,95,Nickel,29.23,0.01,Coarse,mg/kg
949,95,Chromium,28.08,0.3,Coarse,mg/kg
950,95,Benzene,14.93,0.06,Fine,mg/kg
951,96,pH,16.82,0.15,Coarse,mg/kg
952,96,Lead,43.08,0.14,Coarse,mg/kg
953,96,Arsenic,9.43,0.26,Fine,mg/kg
954,96,Cadmium,44.99,0.4,Coarse,mg/kg
955,96,Mercury,33.03,0.34,Fine,mg/kg
956,96,Zinc,32.77,0.5,Coarse,mg/kg
957,96,Copper,45.35,0.21,Fine,mg/kg
958,96,Nickel,29.16,0.5,Fine,mg/kg
959,96,Chromium,17.16,0.36,Coarse,mg/kg
960,96,Benzene,45.33,0.34,Coarse,mg/kg
961,97,pH,42.27,0.42,Fine,mg/kg
962,97,Lead,14.7,0.24,Coarse,mg/kg
963,97,Arsenic,36.26,0.28,Fine,mg/kg
964,97,Cadmium,47.35,0.45,Fine,mg/kg
965,97,Mercury,11.12,0.12,Coarse,mg/kg
966,97,Zinc,21.03,0.44,Coarse,mg/kg
967,97,Copper,13.04,0.15,Fine,mg/kg
968,97,Nickel,23.53,0.43,Fine,mg/kg
969,97,Chromium,23.62,0.11,Fine,mg/kg
970,97,Benzene,43.38,0.2,Coarse,mg/kg
971,98,pH,20.66,0.44,Fine,mg/kg
972,98,Lead,6.88,0.11,Coarse,mg/kg
973,98,Arsenic,49.36,0.45,Coarse,mg/kg
974,98,Cadmium,7.17,0.43,Fine,mg/kg
975,98,Mercury,38.95,0.25,Fine,mg/kg
976,98,Zinc,15.68,0.04,Coarse,mg/kg
977,98,Copper,13.68,0.38,Fine,mg/kg
978,98,Nickel,28.82,0.09,Fine,mg/kg
979,98,Chromium,6.48,0.22,Coarse,mg/kg
980,98,Benzene,20.18,0.48,Coarse,mg/kg
981,99,pH,0.24,0.27,Coarse,mg/kg
982,99,Lead,47.5,0.45,Fine,mg/kg
983,99,Arsenic,0.91,0.01,Fine,mg/kg
984,99,Cadmium,11.32,0.44,Coarse,mg/kg
985,99,Mercury,6.46,0.2,Coarse,mg/kg
986,99,Zinc,8.36,0.41,Coarse,mg/kg
987,99,Copper,47.42,0.23,Coarse,mg/kg
988,99,Nickel,21.69,0.35,Fine,mg/kg
989,99,Chromium,17.14,0.45,Coarse,mg/kg
990,99,Benzene,37.51,0.09,Coarse,mg/kg
991,100,pH,0.97,0.12,Fine,mg/kg
992,100,Lead,10.57,0.02,Fine,mg/kg
993,100,Arsenic,6.17,0.36,Fine,mg/kg
994,100,Cadmium,18.77,0.32,Fine,mg/kg
995,100,Mercury,29.7,0.03,Fine,mg/kg
996,100,Zinc,32.68,0.02,Fine,mg/kg
997,100,Copper,20.84,0.2,Coarse,mg/kg
998,100,Nickel,23.73,0.09,Fine,mg/kg
999,100,Chromium,15.06,0.33,Coarse,mg/kg
1000,100,Benzene,31.14,0.35,Coarse,mg/kg
1001,101,pH,41.53,0.06,Fine,mg/kg
1002,101,Lead,14.14,0.39,Coarse,mg/kg
1003,101,Arsenic,9.94,0.11,Coarse,mg/kg
1004,101,Cadmium,41.58,0.49,Coarse,mg/kg
1005,101,Mercury,35.17,0.15,Fine,mg/kg
1006,101,Zinc,27.41,0.46,Coarse,mg/kg
1007,101,Copper,16.54,0.01,Fine,mg/kg
1008,101,Nickel,45.34,0.42,Coarse,mg/kg
1009,101,Chromium,7.47,0.05,Fine,mg/kg
1010,101,Benzene,36.18,0.06,Coarse,mg/kg
1011,102,pH,32.22,0.23,Coarse,mg/kg
1012,102,Lead,13.21,0.03,Fine,mg/kg
1013,102,Arsenic,43.71,0.43,Coarse,mg/kg
1014,102,Cadmium,40.08,0.16,Fine,mg/kg
1015,102,Mercury,4.76,0.38,Fine,mg/kg
1016,102,Zinc,0.49,0.08,Fine,mg/kg
1017,102,Copper,16.44,0.45,Coarse,mg/kg
1018,102,Nickel,43.92,0.06,Coarse,mg/kg
1019,102,Chromium,9.15,0.21,Coarse,mg/kg
1020,102,Benzene,13.6,0.2,Coarse,mg/kg
1021,103,pH,40.0,0.33,Fine,mg/kg
1022,103,Lead,5.66,0.35,Fine,mg/kg
1023,103,Arsenic,49.08,0.42,Fine,mg/kg
1024,103,Cadmium,20.81,0.3,Coarse,mg/kg
1025,103,Mercury,9.07,0.2,Coarse,mg/kg
1026,103,Zinc,30.57,0.43,Fine,mg/kg
1027,103,Copper,24.16,0.25,Coarse,mg/kg
1028,103,Nickel,22.04,0.04,Coarse,mg/kg
1029,103,Chromium,0.63,0.44,Fine,mg/kg
1030,103,Benzene,48.89,0.34,Coarse,mg/kg
1031,104,pH,25.96,0.35,Fine,mg/kg
1032,104,Lead,21.65,0.37,Coarse,mg/kg
1033,104,Arsenic,17.29,0.34,Coarse,mg/kg
1034,104,Cadmium,7.44,0.41,Fine,mg/kg
1035,104,Mercury,0.59,0.47,Coarse,mg/kg
1036,104,Zinc,42.6,0.44,Fine,mg/kg
1037,104,Copper,37.57,0.17,Coarse,mg/kg
1038,104,Nickel,48.51,0.03,Fine,mg/kg
1039,104,Chromium,27.53,0.2,Fine,mg/kg
1040,104,Benzene,3.95,0.23,Coarse,mg/kg
1041,105,pH,4.41,0.25,Coarse,mg/kg
1042,105,Lead,5.94,0.25,Fine,mg/kg
1043,105,Arsenic,5.14,0.21,Fine,mg/kg
1044,105,Cadmium,41.3,0.4,Coarse,mg/kg
1045,105,Mercury,44.51,0.29,Coarse,mg/kg
1046,105,Zinc,47.52,0.19,Fine,mg/kg
1047,105,Copper,40.83,0.42,Coarse,mg/kg
1048,105,Nickel,28.01,0.31,Coarse,mg/kg
1049,105,Chromium,35.84,0.19,Coarse,mg/kg
1050,105,Benzene,5.71,0.38,Fine,mg/kg
1051,106,pH,0.12,0.18,Coarse,mg/kg
1052,106,Lead,27.39,0.19,Fine,mg/kg
1053,106,Arsenic,2.3,0.09,Fine,mg/kg
1054,106,Cadmium,41.09,0.37,Coarse,mg/kg
1055,106,Mercury,5.36,0.31,Fine,mg/kg
1056,106,Zinc,6.05,0.43,Fine,mg/kg
1057,106,Copper,22.86,0.39,Coarse,mg/kg
1058,106,Nickel,5.4,0.21,Fine,mg/kg
1059,106,Chromium,38.61,0.23,Fine,mg/kg
1060,106,Benzene,48.19,0.01,Fine,mg/kg
1061,107,pH,27.67,0.22,Coarse,mg/kg
1062,107,Lead,46.22,0.39,Fine,mg/kg
1063,107,Arsenic,34.59,0.1,Fine,mg/kg
1064,107,Cadmium,5.19,0.33,Coarse,mg/kg
1065,107,Mercury,25.21,0.2,Fine,mg/kg
1066,107,Zinc,13.69,0.48,Coarse,mg/kg
1067,107,Copper,22.65,0.08,Coarse,mg/kg
1068,107,Nickel,30.13,0.44,Coarse,mg/kg
1069,107,Chromium,42.16,0.28,Coarse,mg/kg
1070,107,Benzene,35.6,0.47,Fine,mg/kg
1071,108,pH,10.05,0.32,Coarse,mg/kg
1072,108,Lead,34.33,0.46,Fine,mg/kg
1073,108,Arsenic,49.07,0.33,Fine,mg/kg
1074,108,Cadmium,25.2,0.35,Coarse,mg/kg
1075,108,Mercury,35.52,0.38,Coarse,mg/kg
1076,108,Zinc,29.14,0.47,Coarse,mg/kg
1077,108,Copper,33.72,0.45,Coarse,mg/kg
1078,108,Nickel,43.88,0.22,Fine,mg/kg
1079,108,Chromium,26.14,0.02,Fine,mg/kg
1080,108,Benzene,2.66,0.04,Coarse,mg/kg
1081,109,pH,37.51,0.09,Coarse,mg/kg
1082,109,Lead,34.17,0.08,Fine,mg/kg
1083,109,Arsenic,34.53,0.15,Fine,mg/kg
1084,109,Cadmium,17.94,0.23,Fine,mg/kg
1085,109,Mercury,37.12,0.29,Fine,mg/kg
1086,109,Zinc,25.55,0.4,Coarse,mg/kg
1087,109,Copper,34.65,0.03,Coarse,mg/kg
1088,109,Nickel,19.38,0.48,Coarse,mg/kg
1089,109,Chromium,48.29,0.04,Coarse,mg/kg
1090,109,Benzene,10.16,0.44,Coarse,mg/kg
1091,110,pH,41.5,0.46,Coarse,mg/kg
1092,110,Lead,37.76,0.28,Fine,mg/kg
1093,110,Arsenic,38.81,0.48,Coarse,mg/kg
1094,110,Cadmium,22.45,0.49,Fine,mg/kg
1095,110,Mercury,9.36,0.1,Fine,mg/kg
1096,110,Zinc,18.87,0.22,Coarse,mg/kg
1097,110,Copper,6.51,0.3,Coarse,mg/kg
1098,110,Nickel,0.29,0.24,Fine,mg/kg
1099,110,Chromium,2.01,0.47,Fine,mg/kg
1100,110,Benzene,38.69,0.32,Coarse,mg/kg
1101,111,pH,24.53,0.29,Coarse,mg/kg
1102,111,Lead,3.65,0.36,Fine,mg/kg
1103,111,Arsenic,47.85,0.27,Fine,mg/kg
1104,111,Cadmium,20.8,0.27,Fine,mg/kg
1105,111,Mercury,17.48,0.44,Coarse,mg/kg
1106,111,Zinc,16.56,0.15,Coarse,mg/kg
1107,111,Copper,49.83,0.41,Fine,mg/kg
1108,111,Nickel,5.74,0.18,Fine,mg/kg
1109,111,Chromium,45.23,0.31,Fine,mg/kg
1110,111,Benzene,47.95,0.34,Coarse,mg/kg
1111,112,pH,19.07,0.4,Fine,mg/kg
1112,112,Lead,19.3,0.27,Coarse,mg/kg
1113,112,Arsenic,1.25,0.26,Coarse,mg/kg
1114,112,Cadmium,25.72,0.26,Coarse,mg/kg
1115,112,Mercury,2.2,0.45,Fine,mg/kg
1116,112,Zinc,16.02,0.05,Fine,mg/kg
1117,112,Copper,8.38,0.48,Fine,mg/kg
1118,112,Nickel,31.35,0.11,Fine,mg/kg
1119,112,Chromium,43.25,0.22,Fine,mg/kg
1120,112,Benzene,10.29,0.42,Coarse,mg/kg
1121,113,pH,32.33,0.47,Fine,mg/kg
1122,113,Lead,1.2,0.36,Fine,mg/kg
1123,113,Arsenic,4.39,0.04,Coarse,mg/kg
1124,113,Cadmium,27.91,0.29,Fine,mg/kg
1125,113,Mercury,45.55,0.21,Coarse,mg/kg
1126,113,Zinc,31.51,0.22,Fine,mg/kg
1127,113,Copper,19.48,0.07,Fine,mg/kg
1128,113,Nickel,32.07,0.31,Fine,mg/kg
1129,113,Chromium,35.05,0.05,Fine,mg/kg
1130,113,Benzene,14.5,0.35,Fine,mg/kg